work-id,section_num,page_url,section_title,section_url
,1,https://confessionallyreformed.wordpress.com/by-genre/exegetical-theologies-commentaries/the-new-testament/the-gospels/the-gospel-of-st-matthew/matthew-6/,Introduction,https://confessionallyreformed.wordpress.com/by-genre/exegetical-theologies-commentaries/the-new-testament/the-gospels/the-gospel-of-st-matthew/matthew-6/#introduction
,2,https://confessionallyreformed.wordpress.com/by-genre/exegetical-theologies-commentaries/the-new-testament/the-gospels/the-gospel-of-st-matthew/matthew-6/,The 16th Century,https://confessionallyreformed.wordpress.com/by-genre/exegetical-theologies-commentaries/the-new-testament/the-gospels/the-gospel-of-st-matthew/matthew-6/#the-16th-century
,3,https://confessionallyreformed.wordpress.com/by-genre/exegetical-theologies-commentaries/the-new-testament/the-gospels/the-gospel-of-st-matthew/matthew-6/,Ulrich Zwingli (c. 1484-1531),https://confessionallyreformed.wordpress.com/by-genre/exegetical-theologies-commentaries/the-new-testament/the-gospels/the-gospel-of-st-matthew/matthew-6/#ulrich-zwingli-c-1484-1531
,4,https://confessionallyreformed.wordpress.com/by-genre/exegetical-theologies-commentaries/the-new-testament/the-gospels/the-gospel-of-st-matthew/matthew-6/,Matthew 6:1,https://confessionallyreformed.wordpress.com/by-genre/exegetical-theologies-commentaries/the-new-testament/the-gospels/the-gospel-of-st-matthew/matthew-6/#matthew-6-1
,5,https://confessionallyreformed.wordpress.com/by-genre/exegetical-theologies-commentaries/the-new-testament/the-gospels/the-gospel-of-st-matthew/matthew-6/,ἐλεημοσύνην,https://confessionallyreformed.wordpress.com/by-genre/exegetical-theologies-commentaries/the-new-testament/the-gospels/the-gospel-of-st-matthew/matthew-6/#ἐλεημοσύνην
,6,https://confessionallyreformed.wordpress.com/by-genre/exegetical-theologies-commentaries/the-new-testament/the-gospels/the-gospel-of-st-matthew/matthew-6/,Expositional Theology,https://confessionallyreformed.wordpress.com/by-genre/exegetical-theologies-commentaries/the-new-testament/the-gospels/the-gospel-of-st-matthew/matthew-6/#expositional-theology-2
,7,https://confessionallyreformed.wordpress.com/by-genre/exegetical-theologies-commentaries/the-new-testament/the-gospels/the-gospel-of-st-matthew/matthew-6/,The 16th Century,https://confessionallyreformed.wordpress.com/by-genre/exegetical-theologies-commentaries/the-new-testament/the-gospels/the-gospel-of-st-matthew/matthew-6/#the-16th-century-1
,8,https://confessionallyreformed.wordpress.com/by-genre/exegetical-theologies-commentaries/the-new-testament/the-gospels/the-gospel-of-st-matthew/matthew-6/,Ulrich Zwingli (c. 1484-1531),https://confessionallyreformed.wordpress.com/by-genre/exegetical-theologies-commentaries/the-new-testament/the-gospels/the-gospel-of-st-matthew/matthew-6/#ulrich-zwingli-c-1484-1531-1
,9,https://confessionallyreformed.wordpress.com/by-genre/exegetical-theologies-commentaries/the-new-testament/the-gospels/the-gospel-of-st-matthew/matthew-6/,πρὸς τὸ θεαθῆναι αὐτοῖς·,https://confessionallyreformed.wordpress.com/by-genre/exegetical-theologies-commentaries/the-new-testament/the-gospels/the-gospel-of-st-matthew/matthew-6/#πρὸς-τὸ-θεαθῆναι-αὐτοῖς
,10,https://confessionallyreformed.wordpress.com/by-genre/exegetical-theologies-commentaries/the-new-testament/the-gospels/the-gospel-of-st-matthew/matthew-6/,Expositional Theology,https://confessionallyreformed.wordpress.com/by-genre/exegetical-theologies-commentaries/the-new-testament/the-gospels/the-gospel-of-st-matthew/matthew-6/#expositional-theology-2
,11,https://confessionallyreformed.wordpress.com/by-genre/exegetical-theologies-commentaries/the-new-testament/the-gospels/the-gospel-of-st-matthew/matthew-6/,The 16th Century,https://confessionallyreformed.wordpress.com/by-genre/exegetical-theologies-commentaries/the-new-testament/the-gospels/the-gospel-of-st-matthew/matthew-6/#the-16th-century-2
,12,https://confessionallyreformed.wordpress.com/by-genre/exegetical-theologies-commentaries/the-new-testament/the-gospels/the-gospel-of-st-matthew/matthew-6/,Ulrich Zwingli (c. 1484-1531),https://confessionallyreformed.wordpress.com/by-genre/exegetical-theologies-commentaries/the-new-testament/the-gospels/the-gospel-of-st-matthew/matthew-6/#ulrich-zwingli-c-1484-1531-2
,13,https://confessionallyreformed.wordpress.com/by-genre/exegetical-theologies-commentaries/the-new-testament/the-gospels/the-gospel-of-st-matthew/matthew-6/,Expositional Theology,https://confessionallyreformed.wordpress.com/by-genre/exegetical-theologies-commentaries/the-new-testament/the-gospels/the-gospel-of-st-matthew/matthew-6/#expositional-theology
,14,https://confessionallyreformed.wordpress.com/by-genre/exegetical-theologies-commentaries/the-new-testament/the-gospels/the-gospel-of-st-matthew/matthew-6/,The 11th Century,https://confessionallyreformed.wordpress.com/by-genre/exegetical-theologies-commentaries/the-new-testament/the-gospels/the-gospel-of-st-matthew/matthew-6/#the-11th-century
,15,https://confessionallyreformed.wordpress.com/by-genre/exegetical-theologies-commentaries/the-new-testament/the-gospels/the-gospel-of-st-matthew/matthew-6/,Theophylact of Ohrid (c. 1050-1060),https://confessionallyreformed.wordpress.com/by-genre/exegetical-theologies-commentaries/the-new-testament/the-gospels/the-gospel-of-st-matthew/matthew-6/#theophylact-of-ohrid-c-1050-1060
,16,https://confessionallyreformed.wordpress.com/by-genre/exegetical-theologies-commentaries/the-new-testament/the-gospels/the-gospel-of-st-matthew/matthew-6/,Matthew 6:2,https://confessionallyreformed.wordpress.com/by-genre/exegetical-theologies-commentaries/the-new-testament/the-gospels/the-gospel-of-st-matthew/matthew-6/#matthew-6-2
,17,https://confessionallyreformed.wordpress.com/by-genre/exegetical-theologies-commentaries/the-new-testament/the-gospels/the-gospel-of-st-matthew/matthew-6/,Ὅταν οὖν ποιῇς ἐλεημοσύνην μὴ σαλπίσῃς ἔμπροσθέν σου ὥσπερ οἱ ὑποκριταὶ ποιοῦσιν ἐν ταῖς συναγωγαῖς καὶ ἐν ταῖς ῥύμαις ὅπως δοξασθῶσιν ὑπὸ τῶν ἀνθρώπων·,https://confessionallyreformed.wordpress.com/by-genre/exegetical-theologies-commentaries/the-new-testament/the-gospels/the-gospel-of-st-matthew/matthew-6/#ὅταν-οὖν-ποιῇς-ἐλεημοσύνην-μὴ-σαλπίσῃς-ἔμπροσθέν-σου-ὥσπερ-οἱ-ὑποκριταὶ-ποιοῦσιν-ἐν-ταῖς-συναγωγαῖς-καὶ-ἐν-ταῖς-ῥύμαις-ὅπως-δοξασθῶσιν-ὑπὸ-τῶν-ἀνθρώπων
,18,https://confessionallyreformed.wordpress.com/by-genre/exegetical-theologies-commentaries/the-new-testament/the-gospels/the-gospel-of-st-matthew/matthew-6/,Expositional Theology,https://confessionallyreformed.wordpress.com/by-genre/exegetical-theologies-commentaries/the-new-testament/the-gospels/the-gospel-of-st-matthew/matthew-6/#expositional-theology-1
,19,https://confessionallyreformed.wordpress.com/by-genre/exegetical-theologies-commentaries/the-new-testament/the-gospels/the-gospel-of-st-matthew/matthew-6/,The 11th Century,https://confessionallyreformed.wordpress.com/by-genre/exegetical-theologies-commentaries/the-new-testament/the-gospels/the-gospel-of-st-matthew/matthew-6/#the-11th-century-1
,20,https://confessionallyreformed.wordpress.com/by-genre/exegetical-theologies-commentaries/the-new-testament/the-gospels/the-gospel-of-st-matthew/matthew-6/,Theophylact of Ohrid (c. 1050-1060),https://confessionallyreformed.wordpress.com/by-genre/exegetical-theologies-commentaries/the-new-testament/the-gospels/the-gospel-of-st-matthew/matthew-6/#theophylact-of-ohrid-c-1050-1060-1
,21,https://confessionallyreformed.wordpress.com/by-genre/exegetical-theologies-commentaries/the-new-testament/the-gospels/the-gospel-of-st-matthew/matthew-6/,ἀμὴν λέγω ὑμῖν ἀπέχουσιν τὸν μισθὸν αὐτῶν,https://confessionallyreformed.wordpress.com/by-genre/exegetical-theologies-commentaries/the-new-testament/the-gospels/the-gospel-of-st-matthew/matthew-6/#ἀμὴν-λέγω-ὑμῖν-ἀπέχουσιν-τὸν-μισθὸν-αὐτῶν
,22,https://confessionallyreformed.wordpress.com/by-genre/exegetical-theologies-commentaries/the-new-testament/the-gospels/the-gospel-of-st-matthew/matthew-6/,Expositional Theology,https://confessionallyreformed.wordpress.com/by-genre/exegetical-theologies-commentaries/the-new-testament/the-gospels/the-gospel-of-st-matthew/matthew-6/#expositional-theology-1
,23,https://confessionallyreformed.wordpress.com/by-genre/exegetical-theologies-commentaries/the-new-testament/the-gospels/the-gospel-of-st-matthew/matthew-6/,The 11th Century,https://confessionallyreformed.wordpress.com/by-genre/exegetical-theologies-commentaries/the-new-testament/the-gospels/the-gospel-of-st-matthew/matthew-6/#the-11th-century-1
,24,https://confessionallyreformed.wordpress.com/by-genre/exegetical-theologies-commentaries/the-new-testament/the-gospels/the-gospel-of-st-matthew/matthew-6/,Theophylact of Ohrid (c. 1050-1060),https://confessionallyreformed.wordpress.com/by-genre/exegetical-theologies-commentaries/the-new-testament/the-gospels/the-gospel-of-st-matthew/matthew-6/#theophylact-of-ohrid-c-1050-1060-1
,25,https://confessionallyreformed.wordpress.com/by-genre/exegetical-theologies-commentaries/the-new-testament/the-gospels/the-gospel-of-st-matthew/matthew-6/,Matthew 6:3,https://confessionallyreformed.wordpress.com/by-genre/exegetical-theologies-commentaries/the-new-testament/the-gospels/the-gospel-of-st-matthew/matthew-6/#matthew-6-3
,26,https://confessionallyreformed.wordpress.com/by-genre/exegetical-theologies-commentaries/the-new-testament/the-gospels/the-gospel-of-st-matthew/matthew-6/,μὴ γνώτω ἡ ἀριστερά σου,https://confessionallyreformed.wordpress.com/by-genre/exegetical-theologies-commentaries/the-new-testament/the-gospels/the-gospel-of-st-matthew/matthew-6/#μὴ-γνώτω-ἡ-ἀριστερά-σου
,27,https://confessionallyreformed.wordpress.com/by-genre/exegetical-theologies-commentaries/the-new-testament/the-gospels/the-gospel-of-st-matthew/matthew-6/,Expositional Theology,https://confessionallyreformed.wordpress.com/by-genre/exegetical-theologies-commentaries/the-new-testament/the-gospels/the-gospel-of-st-matthew/matthew-6/#expositional-theology-3
,28,https://confessionallyreformed.wordpress.com/by-genre/exegetical-theologies-commentaries/the-new-testament/the-gospels/the-gospel-of-st-matthew/matthew-6/,The 16th Century,https://confessionallyreformed.wordpress.com/by-genre/exegetical-theologies-commentaries/the-new-testament/the-gospels/the-gospel-of-st-matthew/matthew-6/#the-16th-century-3
,29,https://confessionallyreformed.wordpress.com/by-genre/exegetical-theologies-commentaries/the-new-testament/the-gospels/the-gospel-of-st-matthew/matthew-6/,Ulrich Zwingli (c. 1484-1531),https://confessionallyreformed.wordpress.com/by-genre/exegetical-theologies-commentaries/the-new-testament/the-gospels/the-gospel-of-st-matthew/matthew-6/#ulrich-zwingli-c-1484-1531-3
,30,https://confessionallyreformed.wordpress.com/by-genre/exegetical-theologies-commentaries/the-new-testament/the-gospels/the-gospel-of-st-matthew/matthew-6/,Expositional Theology,https://confessionallyreformed.wordpress.com/by-genre/exegetical-theologies-commentaries/the-new-testament/the-gospels/the-gospel-of-st-matthew/matthew-6/#expositional-theology-1
,31,https://confessionallyreformed.wordpress.com/by-genre/exegetical-theologies-commentaries/the-new-testament/the-gospels/the-gospel-of-st-matthew/matthew-6/,The 11th Century,https://confessionallyreformed.wordpress.com/by-genre/exegetical-theologies-commentaries/the-new-testament/the-gospels/the-gospel-of-st-matthew/matthew-6/#the-11th-century-1
,32,https://confessionallyreformed.wordpress.com/by-genre/exegetical-theologies-commentaries/the-new-testament/the-gospels/the-gospel-of-st-matthew/matthew-6/,Theophylact of Ohrid (c. 1050-1060),https://confessionallyreformed.wordpress.com/by-genre/exegetical-theologies-commentaries/the-new-testament/the-gospels/the-gospel-of-st-matthew/matthew-6/#theophylact-of-ohrid-c-1050-1060-1
,33,https://confessionallyreformed.wordpress.com/by-genre/exegetical-theologies-commentaries/the-new-testament/the-gospels/the-gospel-of-st-matthew/matthew-6/,Matthew 6:4,https://confessionallyreformed.wordpress.com/by-genre/exegetical-theologies-commentaries/the-new-testament/the-gospels/the-gospel-of-st-matthew/matthew-6/#matthew-6-4
,34,https://confessionallyreformed.wordpress.com/by-genre/exegetical-theologies-commentaries/the-new-testament/the-gospels/the-gospel-of-st-matthew/matthew-6/,Expositional Theology,https://confessionallyreformed.wordpress.com/by-genre/exegetical-theologies-commentaries/the-new-testament/the-gospels/the-gospel-of-st-matthew/matthew-6/#expositional-theology-1
,35,https://confessionallyreformed.wordpress.com/by-genre/exegetical-theologies-commentaries/the-new-testament/the-gospels/the-gospel-of-st-matthew/matthew-6/,The 11th Century,https://confessionallyreformed.wordpress.com/by-genre/exegetical-theologies-commentaries/the-new-testament/the-gospels/the-gospel-of-st-matthew/matthew-6/#the-11th-century-1
,36,https://confessionallyreformed.wordpress.com/by-genre/exegetical-theologies-commentaries/the-new-testament/the-gospels/the-gospel-of-st-matthew/matthew-6/,Theophylact of Ohrid (c. 1050-1060),https://confessionallyreformed.wordpress.com/by-genre/exegetical-theologies-commentaries/the-new-testament/the-gospels/the-gospel-of-st-matthew/matthew-6/#theophylact-of-ohrid-c-1050-1060-1
,37,https://confessionallyreformed.wordpress.com/by-genre/exegetical-theologies-commentaries/the-new-testament/the-gospels/the-gospel-of-st-matthew/matthew-6/,Matthew 6:5,https://confessionallyreformed.wordpress.com/by-genre/exegetical-theologies-commentaries/the-new-testament/the-gospels/the-gospel-of-st-matthew/matthew-6/#matthew-6-5
,38,https://confessionallyreformed.wordpress.com/by-genre/exegetical-theologies-commentaries/the-new-testament/the-gospels/the-gospel-of-st-matthew/matthew-6/,Expositional Theology,https://confessionallyreformed.wordpress.com/by-genre/exegetical-theologies-commentaries/the-new-testament/the-gospels/the-gospel-of-st-matthew/matthew-6/#expositional-theology-1
,39,https://confessionallyreformed.wordpress.com/by-genre/exegetical-theologies-commentaries/the-new-testament/the-gospels/the-gospel-of-st-matthew/matthew-6/,The 11th Century,https://confessionallyreformed.wordpress.com/by-genre/exegetical-theologies-commentaries/the-new-testament/the-gospels/the-gospel-of-st-matthew/matthew-6/#the-11th-century-1
,40,https://confessionallyreformed.wordpress.com/by-genre/exegetical-theologies-commentaries/the-new-testament/the-gospels/the-gospel-of-st-matthew/matthew-6/,Theophylact of Ohrid (c. 1050-1060),https://confessionallyreformed.wordpress.com/by-genre/exegetical-theologies-commentaries/the-new-testament/the-gospels/the-gospel-of-st-matthew/matthew-6/#theophylact-of-ohrid-c-1050-1060-1
,41,https://confessionallyreformed.wordpress.com/by-genre/exegetical-theologies-commentaries/the-new-testament/the-gospels/the-gospel-of-st-matthew/matthew-6/,Matthew 6:6,https://confessionallyreformed.wordpress.com/by-genre/exegetical-theologies-commentaries/the-new-testament/the-gospels/the-gospel-of-st-matthew/matthew-6/#matthew-6-6
,42,https://confessionallyreformed.wordpress.com/by-genre/exegetical-theologies-commentaries/the-new-testament/the-gospels/the-gospel-of-st-matthew/matthew-6/,Expositional Theology,https://confessionallyreformed.wordpress.com/by-genre/exegetical-theologies-commentaries/the-new-testament/the-gospels/the-gospel-of-st-matthew/matthew-6/#expositional-theology-1
,43,https://confessionallyreformed.wordpress.com/by-genre/exegetical-theologies-commentaries/the-new-testament/the-gospels/the-gospel-of-st-matthew/matthew-6/,The 11th Century,https://confessionallyreformed.wordpress.com/by-genre/exegetical-theologies-commentaries/the-new-testament/the-gospels/the-gospel-of-st-matthew/matthew-6/#the-11th-century-1
,44,https://confessionallyreformed.wordpress.com/by-genre/exegetical-theologies-commentaries/the-new-testament/the-gospels/the-gospel-of-st-matthew/matthew-6/,Theophylact of Ohrid (c. 1050-1060),https://confessionallyreformed.wordpress.com/by-genre/exegetical-theologies-commentaries/the-new-testament/the-gospels/the-gospel-of-st-matthew/matthew-6/#theophylact-of-ohrid-c-1050-1060-1
,45,https://confessionallyreformed.wordpress.com/by-genre/exegetical-theologies-commentaries/the-new-testament/the-gospels/the-gospel-of-st-matthew/matthew-6/,Matthew 6:7,https://confessionallyreformed.wordpress.com/by-genre/exegetical-theologies-commentaries/the-new-testament/the-gospels/the-gospel-of-st-matthew/matthew-6/#matthew-6-7
,46,https://confessionallyreformed.wordpress.com/by-genre/exegetical-theologies-commentaries/the-new-testament/the-gospels/the-gospel-of-st-matthew/matthew-6/,"Προσευχόμενοι δὲ μὴ βαττολογήσητε, ὥσπερ οἱ ἐθνικοί",https://confessionallyreformed.wordpress.com/by-genre/exegetical-theologies-commentaries/the-new-testament/the-gospels/the-gospel-of-st-matthew/matthew-6/#προσευχόμενοι-δὲ-μὴ-βαττολογήσητε-ὥσπερ-οἱ-ἐθνικοί
,47,https://confessionallyreformed.wordpress.com/by-genre/exegetical-theologies-commentaries/the-new-testament/the-gospels/the-gospel-of-st-matthew/matthew-6/,Expositional Theology,https://confessionallyreformed.wordpress.com/by-genre/exegetical-theologies-commentaries/the-new-testament/the-gospels/the-gospel-of-st-matthew/matthew-6/#expositional-theology-1
,48,https://confessionallyreformed.wordpress.com/by-genre/exegetical-theologies-commentaries/the-new-testament/the-gospels/the-gospel-of-st-matthew/matthew-6/,The 11th Century,https://confessionallyreformed.wordpress.com/by-genre/exegetical-theologies-commentaries/the-new-testament/the-gospels/the-gospel-of-st-matthew/matthew-6/#the-11th-century-1
,49,https://confessionallyreformed.wordpress.com/by-genre/exegetical-theologies-commentaries/the-new-testament/the-gospels/the-gospel-of-st-matthew/matthew-6/,Theophylact of Ohrid (c. 1050-1060),https://confessionallyreformed.wordpress.com/by-genre/exegetical-theologies-commentaries/the-new-testament/the-gospels/the-gospel-of-st-matthew/matthew-6/#theophylact-of-ohrid-c-1050-1060-1
,50,https://confessionallyreformed.wordpress.com/by-genre/exegetical-theologies-commentaries/the-new-testament/the-gospels/the-gospel-of-st-matthew/matthew-6/,Matthew 6:7-8,https://confessionallyreformed.wordpress.com/by-genre/exegetical-theologies-commentaries/the-new-testament/the-gospels/the-gospel-of-st-matthew/matthew-6/#matthew-6-7-8
,51,https://confessionallyreformed.wordpress.com/by-genre/exegetical-theologies-commentaries/the-new-testament/the-gospels/the-gospel-of-st-matthew/matthew-6/,Matthew 6:7b-8a,https://confessionallyreformed.wordpress.com/by-genre/exegetical-theologies-commentaries/the-new-testament/the-gospels/the-gospel-of-st-matthew/matthew-6/#matthew-6-7b-8a
,52,https://confessionallyreformed.wordpress.com/by-genre/exegetical-theologies-commentaries/the-new-testament/the-gospels/the-gospel-of-st-matthew/matthew-6/,Expositional Theology,https://confessionallyreformed.wordpress.com/by-genre/exegetical-theologies-commentaries/the-new-testament/the-gospels/the-gospel-of-st-matthew/matthew-6/#expositional-theology-1
,53,https://confessionallyreformed.wordpress.com/by-genre/exegetical-theologies-commentaries/the-new-testament/the-gospels/the-gospel-of-st-matthew/matthew-6/,The 11th Century,https://confessionallyreformed.wordpress.com/by-genre/exegetical-theologies-commentaries/the-new-testament/the-gospels/the-gospel-of-st-matthew/matthew-6/#the-11th-century-1
,54,https://confessionallyreformed.wordpress.com/by-genre/exegetical-theologies-commentaries/the-new-testament/the-gospels/the-gospel-of-st-matthew/matthew-6/,Theophylact of Ohrid (c. 1050-1060),https://confessionallyreformed.wordpress.com/by-genre/exegetical-theologies-commentaries/the-new-testament/the-gospels/the-gospel-of-st-matthew/matthew-6/#theophylact-of-ohrid-c-1050-1060-1
,55,https://confessionallyreformed.wordpress.com/by-genre/exegetical-theologies-commentaries/the-new-testament/the-gospels/the-gospel-of-st-matthew/matthew-6/,γὰρ ὁ πατὴρ ὑμῶν ὧν χρείαν ἔχετε πρὸ τοῦ ὑμᾶς αἰτῆσαι αὐτόν,https://confessionallyreformed.wordpress.com/by-genre/exegetical-theologies-commentaries/the-new-testament/the-gospels/the-gospel-of-st-matthew/matthew-6/#γὰρ-ὁ-πατὴρ-ὑμῶν-ὧν-χρείαν-ἔχετε-πρὸ-τοῦ-ὑμᾶς-αἰτῆσαι-αὐτόν
,56,https://confessionallyreformed.wordpress.com/by-genre/exegetical-theologies-commentaries/the-new-testament/the-gospels/the-gospel-of-st-matthew/matthew-6/,Expositional Theology,https://confessionallyreformed.wordpress.com/by-genre/exegetical-theologies-commentaries/the-new-testament/the-gospels/the-gospel-of-st-matthew/matthew-6/#expositional-theology-1
,57,https://confessionallyreformed.wordpress.com/by-genre/exegetical-theologies-commentaries/the-new-testament/the-gospels/the-gospel-of-st-matthew/matthew-6/,The 11th Century,https://confessionallyreformed.wordpress.com/by-genre/exegetical-theologies-commentaries/the-new-testament/the-gospels/the-gospel-of-st-matthew/matthew-6/#the-11th-century-1
,58,https://confessionallyreformed.wordpress.com/by-genre/exegetical-theologies-commentaries/the-new-testament/the-gospels/the-gospel-of-st-matthew/matthew-6/,Theophylact of Ohrid (c. 1050-1060),https://confessionallyreformed.wordpress.com/by-genre/exegetical-theologies-commentaries/the-new-testament/the-gospels/the-gospel-of-st-matthew/matthew-6/#theophylact-of-ohrid-c-1050-1060-1
,59,https://confessionallyreformed.wordpress.com/by-genre/exegetical-theologies-commentaries/the-new-testament/the-gospels/the-gospel-of-st-matthew/matthew-6/,Matthew 6:9,https://confessionallyreformed.wordpress.com/by-genre/exegetical-theologies-commentaries/the-new-testament/the-gospels/the-gospel-of-st-matthew/matthew-6/#matthew-6-9
,60,https://confessionallyreformed.wordpress.com/by-genre/exegetical-theologies-commentaries/the-new-testament/the-gospels/the-gospel-of-st-matthew/matthew-6/,Οὕτως οὖν προσεύχεσθε ὑμεῖς· Πάτερ ἡμῶν ὁ ἐν τοῖς οὐρανοῖς,https://confessionallyreformed.wordpress.com/by-genre/exegetical-theologies-commentaries/the-new-testament/the-gospels/the-gospel-of-st-matthew/matthew-6/#οὕτως-οὖν-προσεύχεσθε-ὑμεῖς-πάτερ-ἡμῶν-ὁ-ἐν-τοῖς-οὐρανοῖς
,61,https://confessionallyreformed.wordpress.com/by-genre/exegetical-theologies-commentaries/the-new-testament/the-gospels/the-gospel-of-st-matthew/matthew-6/,Expositional Theology,https://confessionallyreformed.wordpress.com/by-genre/exegetical-theologies-commentaries/the-new-testament/the-gospels/the-gospel-of-st-matthew/matthew-6/#expositional-theology-1
,62,https://confessionallyreformed.wordpress.com/by-genre/exegetical-theologies-commentaries/the-new-testament/the-gospels/the-gospel-of-st-matthew/matthew-6/,The 11th Century,https://confessionallyreformed.wordpress.com/by-genre/exegetical-theologies-commentaries/the-new-testament/the-gospels/the-gospel-of-st-matthew/matthew-6/#the-11th-century-1
,63,https://confessionallyreformed.wordpress.com/by-genre/exegetical-theologies-commentaries/the-new-testament/the-gospels/the-gospel-of-st-matthew/matthew-6/,Theophylact of Ohrid (c. 1050-1060),https://confessionallyreformed.wordpress.com/by-genre/exegetical-theologies-commentaries/the-new-testament/the-gospels/the-gospel-of-st-matthew/matthew-6/#theophylact-of-ohrid-c-1050-1060-1
,64,https://confessionallyreformed.wordpress.com/by-genre/exegetical-theologies-commentaries/the-new-testament/the-gospels/the-gospel-of-st-matthew/matthew-6/,ἁγιασθήτω τὸ ὄνομά σου·,https://confessionallyreformed.wordpress.com/by-genre/exegetical-theologies-commentaries/the-new-testament/the-gospels/the-gospel-of-st-matthew/matthew-6/#ἁγιασθήτω-τὸ-ὄνομά-σου
,65,https://confessionallyreformed.wordpress.com/by-genre/exegetical-theologies-commentaries/the-new-testament/the-gospels/the-gospel-of-st-matthew/matthew-6/,Expositional Theology,https://confessionallyreformed.wordpress.com/by-genre/exegetical-theologies-commentaries/the-new-testament/the-gospels/the-gospel-of-st-matthew/matthew-6/#expositional-theology-1
,66,https://confessionallyreformed.wordpress.com/by-genre/exegetical-theologies-commentaries/the-new-testament/the-gospels/the-gospel-of-st-matthew/matthew-6/,The 11th Century,https://confessionallyreformed.wordpress.com/by-genre/exegetical-theologies-commentaries/the-new-testament/the-gospels/the-gospel-of-st-matthew/matthew-6/#the-11th-century-1
,67,https://confessionallyreformed.wordpress.com/by-genre/exegetical-theologies-commentaries/the-new-testament/the-gospels/the-gospel-of-st-matthew/matthew-6/,Theophylact of Ohrid (c. 1050-1060),https://confessionallyreformed.wordpress.com/by-genre/exegetical-theologies-commentaries/the-new-testament/the-gospels/the-gospel-of-st-matthew/matthew-6/#theophylact-of-ohrid-c-1050-1060-1
,68,https://confessionallyreformed.wordpress.com/by-genre/exegetical-theologies-commentaries/the-new-testament/the-gospels/the-gospel-of-st-matthew/matthew-6/,Matthew 6:10,https://confessionallyreformed.wordpress.com/by-genre/exegetical-theologies-commentaries/the-new-testament/the-gospels/the-gospel-of-st-matthew/matthew-6/#matthew-6-10
,69,https://confessionallyreformed.wordpress.com/by-genre/exegetical-theologies-commentaries/the-new-testament/the-gospels/the-gospel-of-st-matthew/matthew-6/,ἐλθέτω ἡ βασιλεία σου·,https://confessionallyreformed.wordpress.com/by-genre/exegetical-theologies-commentaries/the-new-testament/the-gospels/the-gospel-of-st-matthew/matthew-6/#ἐλθέτω-ἡ-βασιλεία-σου
,70,https://confessionallyreformed.wordpress.com/by-genre/exegetical-theologies-commentaries/the-new-testament/the-gospels/the-gospel-of-st-matthew/matthew-6/,Expositional Theology,https://confessionallyreformed.wordpress.com/by-genre/exegetical-theologies-commentaries/the-new-testament/the-gospels/the-gospel-of-st-matthew/matthew-6/#expositional-theology-1
,71,https://confessionallyreformed.wordpress.com/by-genre/exegetical-theologies-commentaries/the-new-testament/the-gospels/the-gospel-of-st-matthew/matthew-6/,The 11th Century,https://confessionallyreformed.wordpress.com/by-genre/exegetical-theologies-commentaries/the-new-testament/the-gospels/the-gospel-of-st-matthew/matthew-6/#the-11th-century-1
,72,https://confessionallyreformed.wordpress.com/by-genre/exegetical-theologies-commentaries/the-new-testament/the-gospels/the-gospel-of-st-matthew/matthew-6/,Theophylact of Ohrid (c. 1050-1060),https://confessionallyreformed.wordpress.com/by-genre/exegetical-theologies-commentaries/the-new-testament/the-gospels/the-gospel-of-st-matthew/matthew-6/#theophylact-of-ohrid-c-1050-1060-1
,73,https://confessionallyreformed.wordpress.com/by-genre/exegetical-theologies-commentaries/the-new-testament/the-gospels/the-gospel-of-st-matthew/matthew-6/,γενηθήτω τὸ θέλημά σου ὡς ἐν οὐρανῷ καὶ ἐπὶ τῆς γῆς·,https://confessionallyreformed.wordpress.com/by-genre/exegetical-theologies-commentaries/the-new-testament/the-gospels/the-gospel-of-st-matthew/matthew-6/#γενηθήτω-τὸ-θέλημά-σου-ὡς-ἐν-οὐρανῷ-καὶ-ἐπὶ-τῆς-γῆς
,74,https://confessionallyreformed.wordpress.com/by-genre/exegetical-theologies-commentaries/the-new-testament/the-gospels/the-gospel-of-st-matthew/matthew-6/,Expositional Theology,https://confessionallyreformed.wordpress.com/by-genre/exegetical-theologies-commentaries/the-new-testament/the-gospels/the-gospel-of-st-matthew/matthew-6/#expositional-theology-1
,75,https://confessionallyreformed.wordpress.com/by-genre/exegetical-theologies-commentaries/the-new-testament/the-gospels/the-gospel-of-st-matthew/matthew-6/,The 11th Century,https://confessionallyreformed.wordpress.com/by-genre/exegetical-theologies-commentaries/the-new-testament/the-gospels/the-gospel-of-st-matthew/matthew-6/#the-11th-century-1
,76,https://confessionallyreformed.wordpress.com/by-genre/exegetical-theologies-commentaries/the-new-testament/the-gospels/the-gospel-of-st-matthew/matthew-6/,Theophylact of Ohrid (c. 1050-1060),https://confessionallyreformed.wordpress.com/by-genre/exegetical-theologies-commentaries/the-new-testament/the-gospels/the-gospel-of-st-matthew/matthew-6/#theophylact-of-ohrid-c-1050-1060-1
,77,https://confessionallyreformed.wordpress.com/by-genre/exegetical-theologies-commentaries/the-new-testament/the-gospels/the-gospel-of-st-matthew/matthew-6/,Matthew 6:11,https://confessionallyreformed.wordpress.com/by-genre/exegetical-theologies-commentaries/the-new-testament/the-gospels/the-gospel-of-st-matthew/matthew-6/#matthew-6-11
,78,https://confessionallyreformed.wordpress.com/by-genre/exegetical-theologies-commentaries/the-new-testament/the-gospels/the-gospel-of-st-matthew/matthew-6/,σήμερον·,https://confessionallyreformed.wordpress.com/by-genre/exegetical-theologies-commentaries/the-new-testament/the-gospels/the-gospel-of-st-matthew/matthew-6/#σήμερον
,79,https://confessionallyreformed.wordpress.com/by-genre/exegetical-theologies-commentaries/the-new-testament/the-gospels/the-gospel-of-st-matthew/matthew-6/,Expositional Theology,https://confessionallyreformed.wordpress.com/by-genre/exegetical-theologies-commentaries/the-new-testament/the-gospels/the-gospel-of-st-matthew/matthew-6/#expositional-theology-1
,80,https://confessionallyreformed.wordpress.com/by-genre/exegetical-theologies-commentaries/the-new-testament/the-gospels/the-gospel-of-st-matthew/matthew-6/,The 11th Century,https://confessionallyreformed.wordpress.com/by-genre/exegetical-theologies-commentaries/the-new-testament/the-gospels/the-gospel-of-st-matthew/matthew-6/#the-11th-century-1
,81,https://confessionallyreformed.wordpress.com/by-genre/exegetical-theologies-commentaries/the-new-testament/the-gospels/the-gospel-of-st-matthew/matthew-6/,Theophylact of Ohrid (c. 1050-1060),https://confessionallyreformed.wordpress.com/by-genre/exegetical-theologies-commentaries/the-new-testament/the-gospels/the-gospel-of-st-matthew/matthew-6/#theophylact-of-ohrid-c-1050-1060-1
,82,https://confessionallyreformed.wordpress.com/by-genre/exegetical-theologies-commentaries/the-new-testament/the-gospels/the-gospel-of-st-matthew/matthew-6/,Expositional Theology,https://confessionallyreformed.wordpress.com/by-genre/exegetical-theologies-commentaries/the-new-testament/the-gospels/the-gospel-of-st-matthew/matthew-6/#expositional-theology-1
,83,https://confessionallyreformed.wordpress.com/by-genre/exegetical-theologies-commentaries/the-new-testament/the-gospels/the-gospel-of-st-matthew/matthew-6/,The 11th Century,https://confessionallyreformed.wordpress.com/by-genre/exegetical-theologies-commentaries/the-new-testament/the-gospels/the-gospel-of-st-matthew/matthew-6/#the-11th-century-1
,84,https://confessionallyreformed.wordpress.com/by-genre/exegetical-theologies-commentaries/the-new-testament/the-gospels/the-gospel-of-st-matthew/matthew-6/,Theophylact of Ohrid (c. 1050-1060),https://confessionallyreformed.wordpress.com/by-genre/exegetical-theologies-commentaries/the-new-testament/the-gospels/the-gospel-of-st-matthew/matthew-6/#theophylact-of-ohrid-c-1050-1060-1
,85,https://confessionallyreformed.wordpress.com/by-genre/exegetical-theologies-commentaries/the-new-testament/the-gospels/the-gospel-of-st-matthew/matthew-6/,Matthew 6:12,https://confessionallyreformed.wordpress.com/by-genre/exegetical-theologies-commentaries/the-new-testament/the-gospels/the-gospel-of-st-matthew/matthew-6/#matthew-6-12
,86,https://confessionallyreformed.wordpress.com/by-genre/exegetical-theologies-commentaries/the-new-testament/the-gospels/the-gospel-of-st-matthew/matthew-6/,Expositional Theology,https://confessionallyreformed.wordpress.com/by-genre/exegetical-theologies-commentaries/the-new-testament/the-gospels/the-gospel-of-st-matthew/matthew-6/#expositional-theology-1
,87,https://confessionallyreformed.wordpress.com/by-genre/exegetical-theologies-commentaries/the-new-testament/the-gospels/the-gospel-of-st-matthew/matthew-6/,The 11th Century,https://confessionallyreformed.wordpress.com/by-genre/exegetical-theologies-commentaries/the-new-testament/the-gospels/the-gospel-of-st-matthew/matthew-6/#the-11th-century-1
,88,https://confessionallyreformed.wordpress.com/by-genre/exegetical-theologies-commentaries/the-new-testament/the-gospels/the-gospel-of-st-matthew/matthew-6/,Theophylact of Ohrid (c. 1050-1060),https://confessionallyreformed.wordpress.com/by-genre/exegetical-theologies-commentaries/the-new-testament/the-gospels/the-gospel-of-st-matthew/matthew-6/#theophylact-of-ohrid-c-1050-1060-1
,89,https://confessionallyreformed.wordpress.com/by-genre/exegetical-theologies-commentaries/the-new-testament/the-gospels/the-gospel-of-st-matthew/matthew-6/,Matthew 6:13,https://confessionallyreformed.wordpress.com/by-genre/exegetical-theologies-commentaries/the-new-testament/the-gospels/the-gospel-of-st-matthew/matthew-6/#matthew-6-13
,90,https://confessionallyreformed.wordpress.com/by-genre/exegetical-theologies-commentaries/the-new-testament/the-gospels/the-gospel-of-st-matthew/matthew-6/,καὶ μὴ εἰσενέγκῃς ἡμᾶς εἰς πειρασμόν,https://confessionallyreformed.wordpress.com/by-genre/exegetical-theologies-commentaries/the-new-testament/the-gospels/the-gospel-of-st-matthew/matthew-6/#καὶ-μὴ-εἰσενέγκῃς-ἡμᾶς-εἰς-πειρασμόν
,91,https://confessionallyreformed.wordpress.com/by-genre/exegetical-theologies-commentaries/the-new-testament/the-gospels/the-gospel-of-st-matthew/matthew-6/,Expositional Theology,https://confessionallyreformed.wordpress.com/by-genre/exegetical-theologies-commentaries/the-new-testament/the-gospels/the-gospel-of-st-matthew/matthew-6/#expositional-theology-1
,92,https://confessionallyreformed.wordpress.com/by-genre/exegetical-theologies-commentaries/the-new-testament/the-gospels/the-gospel-of-st-matthew/matthew-6/,The 11th Century,https://confessionallyreformed.wordpress.com/by-genre/exegetical-theologies-commentaries/the-new-testament/the-gospels/the-gospel-of-st-matthew/matthew-6/#the-11th-century-1
,93,https://confessionallyreformed.wordpress.com/by-genre/exegetical-theologies-commentaries/the-new-testament/the-gospels/the-gospel-of-st-matthew/matthew-6/,Theophylact of Ohrid (c. 1050-1060),https://confessionallyreformed.wordpress.com/by-genre/exegetical-theologies-commentaries/the-new-testament/the-gospels/the-gospel-of-st-matthew/matthew-6/#theophylact-of-ohrid-c-1050-1060-1
,94,https://confessionallyreformed.wordpress.com/by-genre/exegetical-theologies-commentaries/the-new-testament/the-gospels/the-gospel-of-st-matthew/matthew-6/,ἀλλὰ ῥῦσαι ἡμᾶς ἀπὸ τοῦ πονηροῦ,https://confessionallyreformed.wordpress.com/by-genre/exegetical-theologies-commentaries/the-new-testament/the-gospels/the-gospel-of-st-matthew/matthew-6/#ἀλλὰ-ῥῦσαι-ἡμᾶς-ἀπὸ-τοῦ-πονηροῦ
,95,https://confessionallyreformed.wordpress.com/by-genre/exegetical-theologies-commentaries/the-new-testament/the-gospels/the-gospel-of-st-matthew/matthew-6/,Expositional Theology,https://confessionallyreformed.wordpress.com/by-genre/exegetical-theologies-commentaries/the-new-testament/the-gospels/the-gospel-of-st-matthew/matthew-6/#expositional-theology-1
,96,https://confessionallyreformed.wordpress.com/by-genre/exegetical-theologies-commentaries/the-new-testament/the-gospels/the-gospel-of-st-matthew/matthew-6/,The 11th Century,https://confessionallyreformed.wordpress.com/by-genre/exegetical-theologies-commentaries/the-new-testament/the-gospels/the-gospel-of-st-matthew/matthew-6/#the-11th-century-1
,97,https://confessionallyreformed.wordpress.com/by-genre/exegetical-theologies-commentaries/the-new-testament/the-gospels/the-gospel-of-st-matthew/matthew-6/,Theophylact of Ohrid (c. 1050-1060),https://confessionallyreformed.wordpress.com/by-genre/exegetical-theologies-commentaries/the-new-testament/the-gospels/the-gospel-of-st-matthew/matthew-6/#theophylact-of-ohrid-c-1050-1060-1
,98,https://confessionallyreformed.wordpress.com/by-genre/exegetical-theologies-commentaries/the-new-testament/the-gospels/the-gospel-of-st-matthew/matthew-6/,ὅτι σοῦ ἐστιν ἡ βασιλεία καὶ ἡ δύναμις καὶ ἡ δόξα εἰς τοῦς αἰῶνας ἀμήν,https://confessionallyreformed.wordpress.com/by-genre/exegetical-theologies-commentaries/the-new-testament/the-gospels/the-gospel-of-st-matthew/matthew-6/#ὅτι-σοῦ-ἐστιν-ἡ-βασιλεία-καὶ-ἡ-δύναμις-καὶ-ἡ-δόξα-εἰς-τοῦς-αἰῶνας-ἀμήν
,99,https://confessionallyreformed.wordpress.com/by-genre/exegetical-theologies-commentaries/the-new-testament/the-gospels/the-gospel-of-st-matthew/matthew-6/,Expositional Theology,https://confessionallyreformed.wordpress.com/by-genre/exegetical-theologies-commentaries/the-new-testament/the-gospels/the-gospel-of-st-matthew/matthew-6/#expositional-theology-1
,100,https://confessionallyreformed.wordpress.com/by-genre/exegetical-theologies-commentaries/the-new-testament/the-gospels/the-gospel-of-st-matthew/matthew-6/,The 11th Century,https://confessionallyreformed.wordpress.com/by-genre/exegetical-theologies-commentaries/the-new-testament/the-gospels/the-gospel-of-st-matthew/matthew-6/#the-11th-century-1
,101,https://confessionallyreformed.wordpress.com/by-genre/exegetical-theologies-commentaries/the-new-testament/the-gospels/the-gospel-of-st-matthew/matthew-6/,Theophylact of Ohrid (c. 1050-1060),https://confessionallyreformed.wordpress.com/by-genre/exegetical-theologies-commentaries/the-new-testament/the-gospels/the-gospel-of-st-matthew/matthew-6/#theophylact-of-ohrid-c-1050-1060-1
,102,https://confessionallyreformed.wordpress.com/by-genre/exegetical-theologies-commentaries/the-new-testament/the-gospels/the-gospel-of-st-matthew/matthew-6/,Matthew 6:14,https://confessionallyreformed.wordpress.com/by-genre/exegetical-theologies-commentaries/the-new-testament/the-gospels/the-gospel-of-st-matthew/matthew-6/#matthew-6-14
,103,https://confessionallyreformed.wordpress.com/by-genre/exegetical-theologies-commentaries/the-new-testament/the-gospels/the-gospel-of-st-matthew/matthew-6/,Expositional Theology,https://confessionallyreformed.wordpress.com/by-genre/exegetical-theologies-commentaries/the-new-testament/the-gospels/the-gospel-of-st-matthew/matthew-6/#expositional-theology-1
,104,https://confessionallyreformed.wordpress.com/by-genre/exegetical-theologies-commentaries/the-new-testament/the-gospels/the-gospel-of-st-matthew/matthew-6/,The 11th Century,https://confessionallyreformed.wordpress.com/by-genre/exegetical-theologies-commentaries/the-new-testament/the-gospels/the-gospel-of-st-matthew/matthew-6/#the-11th-century-1
,105,https://confessionallyreformed.wordpress.com/by-genre/exegetical-theologies-commentaries/the-new-testament/the-gospels/the-gospel-of-st-matthew/matthew-6/,Theophylact of Ohrid (c. 1050-1060),https://confessionallyreformed.wordpress.com/by-genre/exegetical-theologies-commentaries/the-new-testament/the-gospels/the-gospel-of-st-matthew/matthew-6/#theophylact-of-ohrid-c-1050-1060-1
,106,https://confessionallyreformed.wordpress.com/by-genre/exegetical-theologies-commentaries/the-new-testament/the-gospels/the-gospel-of-st-matthew/matthew-6/,Matthew 6:15,https://confessionallyreformed.wordpress.com/by-genre/exegetical-theologies-commentaries/the-new-testament/the-gospels/the-gospel-of-st-matthew/matthew-6/#matthew-6-15
,107,https://confessionallyreformed.wordpress.com/by-genre/exegetical-theologies-commentaries/the-new-testament/the-gospels/the-gospel-of-st-matthew/matthew-6/,Expositional Theology,https://confessionallyreformed.wordpress.com/by-genre/exegetical-theologies-commentaries/the-new-testament/the-gospels/the-gospel-of-st-matthew/matthew-6/#expositional-theology-1
,108,https://confessionallyreformed.wordpress.com/by-genre/exegetical-theologies-commentaries/the-new-testament/the-gospels/the-gospel-of-st-matthew/matthew-6/,The 11th Century,https://confessionallyreformed.wordpress.com/by-genre/exegetical-theologies-commentaries/the-new-testament/the-gospels/the-gospel-of-st-matthew/matthew-6/#the-11th-century-1
,109,https://confessionallyreformed.wordpress.com/by-genre/exegetical-theologies-commentaries/the-new-testament/the-gospels/the-gospel-of-st-matthew/matthew-6/,Theophylact of Ohrid (c. 1050-1060),https://confessionallyreformed.wordpress.com/by-genre/exegetical-theologies-commentaries/the-new-testament/the-gospels/the-gospel-of-st-matthew/matthew-6/#theophylact-of-ohrid-c-1050-1060-1
,110,https://confessionallyreformed.wordpress.com/by-genre/exegetical-theologies-commentaries/the-new-testament/the-gospels/the-gospel-of-st-matthew/matthew-6/,Matthew 6:16,https://confessionallyreformed.wordpress.com/by-genre/exegetical-theologies-commentaries/the-new-testament/the-gospels/the-gospel-of-st-matthew/matthew-6/#matthew-6-16
,111,https://confessionallyreformed.wordpress.com/by-genre/exegetical-theologies-commentaries/the-new-testament/the-gospels/the-gospel-of-st-matthew/matthew-6/,Expositional Theology,https://confessionallyreformed.wordpress.com/by-genre/exegetical-theologies-commentaries/the-new-testament/the-gospels/the-gospel-of-st-matthew/matthew-6/#expositional-theology-1
,112,https://confessionallyreformed.wordpress.com/by-genre/exegetical-theologies-commentaries/the-new-testament/the-gospels/the-gospel-of-st-matthew/matthew-6/,The 11th Century,https://confessionallyreformed.wordpress.com/by-genre/exegetical-theologies-commentaries/the-new-testament/the-gospels/the-gospel-of-st-matthew/matthew-6/#the-11th-century-1
,113,https://confessionallyreformed.wordpress.com/by-genre/exegetical-theologies-commentaries/the-new-testament/the-gospels/the-gospel-of-st-matthew/matthew-6/,Theophylact of Ohrid (c. 1050-1060),https://confessionallyreformed.wordpress.com/by-genre/exegetical-theologies-commentaries/the-new-testament/the-gospels/the-gospel-of-st-matthew/matthew-6/#theophylact-of-ohrid-c-1050-1060-1
,114,https://confessionallyreformed.wordpress.com/by-genre/exegetical-theologies-commentaries/the-new-testament/the-gospels/the-gospel-of-st-matthew/matthew-6/,Matthew 6:17&18,https://confessionallyreformed.wordpress.com/by-genre/exegetical-theologies-commentaries/the-new-testament/the-gospels/the-gospel-of-st-matthew/matthew-6/#matthew-6-17-18
,115,https://confessionallyreformed.wordpress.com/by-genre/exegetical-theologies-commentaries/the-new-testament/the-gospels/the-gospel-of-st-matthew/matthew-6/,Expositional Theology,https://confessionallyreformed.wordpress.com/by-genre/exegetical-theologies-commentaries/the-new-testament/the-gospels/the-gospel-of-st-matthew/matthew-6/#expositional-theology-1
,116,https://confessionallyreformed.wordpress.com/by-genre/exegetical-theologies-commentaries/the-new-testament/the-gospels/the-gospel-of-st-matthew/matthew-6/,The 11th Century,https://confessionallyreformed.wordpress.com/by-genre/exegetical-theologies-commentaries/the-new-testament/the-gospels/the-gospel-of-st-matthew/matthew-6/#the-11th-century-1
,117,https://confessionallyreformed.wordpress.com/by-genre/exegetical-theologies-commentaries/the-new-testament/the-gospels/the-gospel-of-st-matthew/matthew-6/,Theophylact of Ohrid (c. 1050-1060),https://confessionallyreformed.wordpress.com/by-genre/exegetical-theologies-commentaries/the-new-testament/the-gospels/the-gospel-of-st-matthew/matthew-6/#theophylact-of-ohrid-c-1050-1060-1
,118,https://confessionallyreformed.wordpress.com/by-genre/exegetical-theologies-commentaries/the-new-testament/the-gospels/the-gospel-of-st-matthew/matthew-6/,Matthew 6:19&20,https://confessionallyreformed.wordpress.com/by-genre/exegetical-theologies-commentaries/the-new-testament/the-gospels/the-gospel-of-st-matthew/matthew-6/#matthew-6-19-20
,119,https://confessionallyreformed.wordpress.com/by-genre/exegetical-theologies-commentaries/the-new-testament/the-gospels/the-gospel-of-st-matthew/matthew-6/,Expositional Theology,https://confessionallyreformed.wordpress.com/by-genre/exegetical-theologies-commentaries/the-new-testament/the-gospels/the-gospel-of-st-matthew/matthew-6/#expositional-theology-1
,120,https://confessionallyreformed.wordpress.com/by-genre/exegetical-theologies-commentaries/the-new-testament/the-gospels/the-gospel-of-st-matthew/matthew-6/,The 11th Century,https://confessionallyreformed.wordpress.com/by-genre/exegetical-theologies-commentaries/the-new-testament/the-gospels/the-gospel-of-st-matthew/matthew-6/#the-11th-century-1
,121,https://confessionallyreformed.wordpress.com/by-genre/exegetical-theologies-commentaries/the-new-testament/the-gospels/the-gospel-of-st-matthew/matthew-6/,Theophylact of Ohrid (c. 1050-1060),https://confessionallyreformed.wordpress.com/by-genre/exegetical-theologies-commentaries/the-new-testament/the-gospels/the-gospel-of-st-matthew/matthew-6/#theophylact-of-ohrid-c-1050-1060-1
,122,https://confessionallyreformed.wordpress.com/by-genre/exegetical-theologies-commentaries/the-new-testament/the-gospels/the-gospel-of-st-matthew/matthew-6/,Matthew 6:20-23,https://confessionallyreformed.wordpress.com/by-genre/exegetical-theologies-commentaries/the-new-testament/the-gospels/the-gospel-of-st-matthew/matthew-6/#matthew-6-20-23
,123,https://confessionallyreformed.wordpress.com/by-genre/exegetical-theologies-commentaries/the-new-testament/the-gospels/the-gospel-of-st-matthew/matthew-6/,Expositional Theology,https://confessionallyreformed.wordpress.com/by-genre/exegetical-theologies-commentaries/the-new-testament/the-gospels/the-gospel-of-st-matthew/matthew-6/#expositional-theology-1
,124,https://confessionallyreformed.wordpress.com/by-genre/exegetical-theologies-commentaries/the-new-testament/the-gospels/the-gospel-of-st-matthew/matthew-6/,The 11th Century,https://confessionallyreformed.wordpress.com/by-genre/exegetical-theologies-commentaries/the-new-testament/the-gospels/the-gospel-of-st-matthew/matthew-6/#the-11th-century-1
,125,https://confessionallyreformed.wordpress.com/by-genre/exegetical-theologies-commentaries/the-new-testament/the-gospels/the-gospel-of-st-matthew/matthew-6/,Theophylact of Ohrid (c. 1050-1060),https://confessionallyreformed.wordpress.com/by-genre/exegetical-theologies-commentaries/the-new-testament/the-gospels/the-gospel-of-st-matthew/matthew-6/#theophylact-of-ohrid-c-1050-1060-1
,126,https://confessionallyreformed.wordpress.com/by-genre/exegetical-theologies-commentaries/the-new-testament/the-gospels/the-gospel-of-st-matthew/matthew-6/,Matthew 6:24,https://confessionallyreformed.wordpress.com/by-genre/exegetical-theologies-commentaries/the-new-testament/the-gospels/the-gospel-of-st-matthew/matthew-6/#matthew-6-24
,127,https://confessionallyreformed.wordpress.com/by-genre/exegetical-theologies-commentaries/the-new-testament/the-gospels/the-gospel-of-st-matthew/matthew-6/,Οὐδεὶς δύναται δυσὶ κυρίοις δουλεύειν·,https://confessionallyreformed.wordpress.com/by-genre/exegetical-theologies-commentaries/the-new-testament/the-gospels/the-gospel-of-st-matthew/matthew-6/#οὐδεὶς-δύναται-δυσὶ-κυρίοις-δουλεύειν
,128,https://confessionallyreformed.wordpress.com/by-genre/exegetical-theologies-commentaries/the-new-testament/the-gospels/the-gospel-of-st-matthew/matthew-6/,Expositional Theology,https://confessionallyreformed.wordpress.com/by-genre/exegetical-theologies-commentaries/the-new-testament/the-gospels/the-gospel-of-st-matthew/matthew-6/#expositional-theology-1
,129,https://confessionallyreformed.wordpress.com/by-genre/exegetical-theologies-commentaries/the-new-testament/the-gospels/the-gospel-of-st-matthew/matthew-6/,The 11th Century,https://confessionallyreformed.wordpress.com/by-genre/exegetical-theologies-commentaries/the-new-testament/the-gospels/the-gospel-of-st-matthew/matthew-6/#the-11th-century-1
,130,https://confessionallyreformed.wordpress.com/by-genre/exegetical-theologies-commentaries/the-new-testament/the-gospels/the-gospel-of-st-matthew/matthew-6/,Theophylact of Ohrid (c. 1050-1060),https://confessionallyreformed.wordpress.com/by-genre/exegetical-theologies-commentaries/the-new-testament/the-gospels/the-gospel-of-st-matthew/matthew-6/#theophylact-of-ohrid-c-1050-1060-1
,131,https://confessionallyreformed.wordpress.com/by-genre/exegetical-theologies-commentaries/the-new-testament/the-gospels/the-gospel-of-st-matthew/matthew-6/,ἢ γὰρ τὸν ἕνα μισήσει καὶ τὸν ἕτερον ἀγαπήσει ἢ ἑνὸς ἀνθέξεται καὶ τοῦ ἑτέρου καταφρονήσει· οὐ δύνασθε θεῷ δουλεύειν καὶ μαμμωνᾷ,https://confessionallyreformed.wordpress.com/by-genre/exegetical-theologies-commentaries/the-new-testament/the-gospels/the-gospel-of-st-matthew/matthew-6/#ἢ-γὰρ-τὸν-ἕνα-μισήσει-καὶ-τὸν-ἕτερον-ἀγαπήσει-ἢ-ἑνὸς-ἀνθέξεται-καὶ-τοῦ-ἑτέρου-καταφρονήσει-οὐ-δύνασθε-θεῷ-δουλεύειν-καὶ-μαμμωνᾷ
,132,https://confessionallyreformed.wordpress.com/by-genre/exegetical-theologies-commentaries/the-new-testament/the-gospels/the-gospel-of-st-matthew/matthew-6/,Expositional Theology,https://confessionallyreformed.wordpress.com/by-genre/exegetical-theologies-commentaries/the-new-testament/the-gospels/the-gospel-of-st-matthew/matthew-6/#expositional-theology-1
,133,https://confessionallyreformed.wordpress.com/by-genre/exegetical-theologies-commentaries/the-new-testament/the-gospels/the-gospel-of-st-matthew/matthew-6/,The 11th Century,https://confessionallyreformed.wordpress.com/by-genre/exegetical-theologies-commentaries/the-new-testament/the-gospels/the-gospel-of-st-matthew/matthew-6/#the-11th-century-1
,134,https://confessionallyreformed.wordpress.com/by-genre/exegetical-theologies-commentaries/the-new-testament/the-gospels/the-gospel-of-st-matthew/matthew-6/,Theophylact of Ohrid (c. 1050-1060),https://confessionallyreformed.wordpress.com/by-genre/exegetical-theologies-commentaries/the-new-testament/the-gospels/the-gospel-of-st-matthew/matthew-6/#theophylact-of-ohrid-c-1050-1060-1
,135,https://confessionallyreformed.wordpress.com/by-genre/exegetical-theologies-commentaries/the-new-testament/the-gospels/the-gospel-of-st-matthew/matthew-6/,Matthew 6:25,https://confessionallyreformed.wordpress.com/by-genre/exegetical-theologies-commentaries/the-new-testament/the-gospels/the-gospel-of-st-matthew/matthew-6/#matthew-6-25
,136,https://confessionallyreformed.wordpress.com/by-genre/exegetical-theologies-commentaries/the-new-testament/the-gospels/the-gospel-of-st-matthew/matthew-6/,"Διὰ τοῦτο λέγω ὑμῖν, μὴ μεριμνᾶτε τῇ ψυχῇ ὑμῶν, τί φάγητε καὶ τί πίητε, μηδὲ τῷ σώματι ὑμῶν, τί ἐνδύσησθε·",https://confessionallyreformed.wordpress.com/by-genre/exegetical-theologies-commentaries/the-new-testament/the-gospels/the-gospel-of-st-matthew/matthew-6/#διὰ-τοῦτο-λέγω-ὑμῖν-μὴ-μεριμνᾶτε-τῇ-ψυχῇ-ὑμῶν-τί-φάγητε-καὶ-τί-πίητε-μηδὲ-τῷ-σώματι-ὑμῶν-τί-ἐνδύσησθε
,137,https://confessionallyreformed.wordpress.com/by-genre/exegetical-theologies-commentaries/the-new-testament/the-gospels/the-gospel-of-st-matthew/matthew-6/,Expositional Theology,https://confessionallyreformed.wordpress.com/by-genre/exegetical-theologies-commentaries/the-new-testament/the-gospels/the-gospel-of-st-matthew/matthew-6/#expositional-theology-1
,138,https://confessionallyreformed.wordpress.com/by-genre/exegetical-theologies-commentaries/the-new-testament/the-gospels/the-gospel-of-st-matthew/matthew-6/,The 11th Century,https://confessionallyreformed.wordpress.com/by-genre/exegetical-theologies-commentaries/the-new-testament/the-gospels/the-gospel-of-st-matthew/matthew-6/#the-11th-century-1
,139,https://confessionallyreformed.wordpress.com/by-genre/exegetical-theologies-commentaries/the-new-testament/the-gospels/the-gospel-of-st-matthew/matthew-6/,Theophylact of Ohrid (c. 1050-1060),https://confessionallyreformed.wordpress.com/by-genre/exegetical-theologies-commentaries/the-new-testament/the-gospels/the-gospel-of-st-matthew/matthew-6/#theophylact-of-ohrid-c-1050-1060-1
,140,https://confessionallyreformed.wordpress.com/by-genre/exegetical-theologies-commentaries/the-new-testament/the-gospels/the-gospel-of-st-matthew/matthew-6/,οὐχὶ ἡ ψυχὴ πλεῖόν ἐστιν τῆς τροφῆς καὶ τὸ σῶμα τοῦ ἐνδύματος;,https://confessionallyreformed.wordpress.com/by-genre/exegetical-theologies-commentaries/the-new-testament/the-gospels/the-gospel-of-st-matthew/matthew-6/#οὐχὶ-ἡ-ψυχὴ-πλεῖόν-ἐστιν-τῆς-τροφῆς-καὶ-τὸ-σῶμα-τοῦ-ἐνδύματος
,141,https://confessionallyreformed.wordpress.com/by-genre/exegetical-theologies-commentaries/the-new-testament/the-gospels/the-gospel-of-st-matthew/matthew-6/,Expositional Theology,https://confessionallyreformed.wordpress.com/by-genre/exegetical-theologies-commentaries/the-new-testament/the-gospels/the-gospel-of-st-matthew/matthew-6/#expositional-theology-1
,142,https://confessionallyreformed.wordpress.com/by-genre/exegetical-theologies-commentaries/the-new-testament/the-gospels/the-gospel-of-st-matthew/matthew-6/,The 11th Century,https://confessionallyreformed.wordpress.com/by-genre/exegetical-theologies-commentaries/the-new-testament/the-gospels/the-gospel-of-st-matthew/matthew-6/#the-11th-century-1
,143,https://confessionallyreformed.wordpress.com/by-genre/exegetical-theologies-commentaries/the-new-testament/the-gospels/the-gospel-of-st-matthew/matthew-6/,Theophylact of Ohrid (c. 1050-1060),https://confessionallyreformed.wordpress.com/by-genre/exegetical-theologies-commentaries/the-new-testament/the-gospels/the-gospel-of-st-matthew/matthew-6/#theophylact-of-ohrid-c-1050-1060-1
,144,https://confessionallyreformed.wordpress.com/by-genre/exegetical-theologies-commentaries/the-new-testament/the-gospels/the-gospel-of-st-matthew/matthew-6/,Matthew 6:26,https://confessionallyreformed.wordpress.com/by-genre/exegetical-theologies-commentaries/the-new-testament/the-gospels/the-gospel-of-st-matthew/matthew-6/#matthew-6-26
,145,https://confessionallyreformed.wordpress.com/by-genre/exegetical-theologies-commentaries/the-new-testament/the-gospels/the-gospel-of-st-matthew/matthew-6/,Expositional Theology,https://confessionallyreformed.wordpress.com/by-genre/exegetical-theologies-commentaries/the-new-testament/the-gospels/the-gospel-of-st-matthew/matthew-6/#expositional-theology-1
,146,https://confessionallyreformed.wordpress.com/by-genre/exegetical-theologies-commentaries/the-new-testament/the-gospels/the-gospel-of-st-matthew/matthew-6/,The 11th Century,https://confessionallyreformed.wordpress.com/by-genre/exegetical-theologies-commentaries/the-new-testament/the-gospels/the-gospel-of-st-matthew/matthew-6/#the-11th-century-1
,147,https://confessionallyreformed.wordpress.com/by-genre/exegetical-theologies-commentaries/the-new-testament/the-gospels/the-gospel-of-st-matthew/matthew-6/,Theophylact of Ohrid (c. 1050-1060),https://confessionallyreformed.wordpress.com/by-genre/exegetical-theologies-commentaries/the-new-testament/the-gospels/the-gospel-of-st-matthew/matthew-6/#theophylact-of-ohrid-c-1050-1060-1
,148,https://confessionallyreformed.wordpress.com/by-genre/exegetical-theologies-commentaries/the-new-testament/the-gospels/the-gospel-of-st-matthew/matthew-6/,Matthew 6:27,https://confessionallyreformed.wordpress.com/by-genre/exegetical-theologies-commentaries/the-new-testament/the-gospels/the-gospel-of-st-matthew/matthew-6/#matthew-6-27
,149,https://confessionallyreformed.wordpress.com/by-genre/exegetical-theologies-commentaries/the-new-testament/the-gospels/the-gospel-of-st-matthew/matthew-6/,Expositional Theology,https://confessionallyreformed.wordpress.com/by-genre/exegetical-theologies-commentaries/the-new-testament/the-gospels/the-gospel-of-st-matthew/matthew-6/#expositional-theology-1
,150,https://confessionallyreformed.wordpress.com/by-genre/exegetical-theologies-commentaries/the-new-testament/the-gospels/the-gospel-of-st-matthew/matthew-6/,The 11th Century,https://confessionallyreformed.wordpress.com/by-genre/exegetical-theologies-commentaries/the-new-testament/the-gospels/the-gospel-of-st-matthew/matthew-6/#the-11th-century-1
,151,https://confessionallyreformed.wordpress.com/by-genre/exegetical-theologies-commentaries/the-new-testament/the-gospels/the-gospel-of-st-matthew/matthew-6/,Theophylact of Ohrid (c. 1050-1060),https://confessionallyreformed.wordpress.com/by-genre/exegetical-theologies-commentaries/the-new-testament/the-gospels/the-gospel-of-st-matthew/matthew-6/#theophylact-of-ohrid-c-1050-1060-1
,152,https://confessionallyreformed.wordpress.com/by-genre/exegetical-theologies-commentaries/the-new-testament/the-gospels/the-gospel-of-st-matthew/matthew-6/,Matthew 6:28&29,https://confessionallyreformed.wordpress.com/by-genre/exegetical-theologies-commentaries/the-new-testament/the-gospels/the-gospel-of-st-matthew/matthew-6/#matthew-6-28-29
,153,https://confessionallyreformed.wordpress.com/by-genre/exegetical-theologies-commentaries/the-new-testament/the-gospels/the-gospel-of-st-matthew/matthew-6/,Expositional Theology,https://confessionallyreformed.wordpress.com/by-genre/exegetical-theologies-commentaries/the-new-testament/the-gospels/the-gospel-of-st-matthew/matthew-6/#expositional-theology-1
,154,https://confessionallyreformed.wordpress.com/by-genre/exegetical-theologies-commentaries/the-new-testament/the-gospels/the-gospel-of-st-matthew/matthew-6/,The 11th Century,https://confessionallyreformed.wordpress.com/by-genre/exegetical-theologies-commentaries/the-new-testament/the-gospels/the-gospel-of-st-matthew/matthew-6/#the-11th-century-1
,155,https://confessionallyreformed.wordpress.com/by-genre/exegetical-theologies-commentaries/the-new-testament/the-gospels/the-gospel-of-st-matthew/matthew-6/,Theophylact of Ohrid (c. 1050-1060),https://confessionallyreformed.wordpress.com/by-genre/exegetical-theologies-commentaries/the-new-testament/the-gospels/the-gospel-of-st-matthew/matthew-6/#theophylact-of-ohrid-c-1050-1060-1
,156,https://confessionallyreformed.wordpress.com/by-genre/exegetical-theologies-commentaries/the-new-testament/the-gospels/the-gospel-of-st-matthew/matthew-6/,Matthew 6:30,https://confessionallyreformed.wordpress.com/by-genre/exegetical-theologies-commentaries/the-new-testament/the-gospels/the-gospel-of-st-matthew/matthew-6/#matthew-6-30
,157,https://confessionallyreformed.wordpress.com/by-genre/exegetical-theologies-commentaries/the-new-testament/the-gospels/the-gospel-of-st-matthew/matthew-6/,Expositional Theology,https://confessionallyreformed.wordpress.com/by-genre/exegetical-theologies-commentaries/the-new-testament/the-gospels/the-gospel-of-st-matthew/matthew-6/#expositional-theology-1
,158,https://confessionallyreformed.wordpress.com/by-genre/exegetical-theologies-commentaries/the-new-testament/the-gospels/the-gospel-of-st-matthew/matthew-6/,The 11th Century,https://confessionallyreformed.wordpress.com/by-genre/exegetical-theologies-commentaries/the-new-testament/the-gospels/the-gospel-of-st-matthew/matthew-6/#the-11th-century-1
,159,https://confessionallyreformed.wordpress.com/by-genre/exegetical-theologies-commentaries/the-new-testament/the-gospels/the-gospel-of-st-matthew/matthew-6/,Theophylact of Ohrid (c. 1050-1060),https://confessionallyreformed.wordpress.com/by-genre/exegetical-theologies-commentaries/the-new-testament/the-gospels/the-gospel-of-st-matthew/matthew-6/#theophylact-of-ohrid-c-1050-1060-1
,160,https://confessionallyreformed.wordpress.com/by-genre/exegetical-theologies-commentaries/the-new-testament/the-gospels/the-gospel-of-st-matthew/matthew-6/,Matthew 6:31&32,https://confessionallyreformed.wordpress.com/by-genre/exegetical-theologies-commentaries/the-new-testament/the-gospels/the-gospel-of-st-matthew/matthew-6/#matthew-6-31-32
,161,https://confessionallyreformed.wordpress.com/by-genre/exegetical-theologies-commentaries/the-new-testament/the-gospels/the-gospel-of-st-matthew/matthew-6/,Matthew 6:31-32a,https://confessionallyreformed.wordpress.com/by-genre/exegetical-theologies-commentaries/the-new-testament/the-gospels/the-gospel-of-st-matthew/matthew-6/#matthew-6-31-32a
,162,https://confessionallyreformed.wordpress.com/by-genre/exegetical-theologies-commentaries/the-new-testament/the-gospels/the-gospel-of-st-matthew/matthew-6/,Expositional Theology,https://confessionallyreformed.wordpress.com/by-genre/exegetical-theologies-commentaries/the-new-testament/the-gospels/the-gospel-of-st-matthew/matthew-6/#expositional-theology-1
,163,https://confessionallyreformed.wordpress.com/by-genre/exegetical-theologies-commentaries/the-new-testament/the-gospels/the-gospel-of-st-matthew/matthew-6/,The 11th Century,https://confessionallyreformed.wordpress.com/by-genre/exegetical-theologies-commentaries/the-new-testament/the-gospels/the-gospel-of-st-matthew/matthew-6/#the-11th-century-1
,164,https://confessionallyreformed.wordpress.com/by-genre/exegetical-theologies-commentaries/the-new-testament/the-gospels/the-gospel-of-st-matthew/matthew-6/,Theophylact of Ohrid (c. 1050-1060),https://confessionallyreformed.wordpress.com/by-genre/exegetical-theologies-commentaries/the-new-testament/the-gospels/the-gospel-of-st-matthew/matthew-6/#theophylact-of-ohrid-c-1050-1060-1
,165,https://confessionallyreformed.wordpress.com/by-genre/exegetical-theologies-commentaries/the-new-testament/the-gospels/the-gospel-of-st-matthew/matthew-6/,Matthew 6:32&33,https://confessionallyreformed.wordpress.com/by-genre/exegetical-theologies-commentaries/the-new-testament/the-gospels/the-gospel-of-st-matthew/matthew-6/#matthew-6-32-33
,166,https://confessionallyreformed.wordpress.com/by-genre/exegetical-theologies-commentaries/the-new-testament/the-gospels/the-gospel-of-st-matthew/matthew-6/,Matthew 6:32b-33,https://confessionallyreformed.wordpress.com/by-genre/exegetical-theologies-commentaries/the-new-testament/the-gospels/the-gospel-of-st-matthew/matthew-6/#matthew-6-32b-33
,167,https://confessionallyreformed.wordpress.com/by-genre/exegetical-theologies-commentaries/the-new-testament/the-gospels/the-gospel-of-st-matthew/matthew-6/,Expositional Theology,https://confessionallyreformed.wordpress.com/by-genre/exegetical-theologies-commentaries/the-new-testament/the-gospels/the-gospel-of-st-matthew/matthew-6/#expositional-theology-1
,168,https://confessionallyreformed.wordpress.com/by-genre/exegetical-theologies-commentaries/the-new-testament/the-gospels/the-gospel-of-st-matthew/matthew-6/,The 11th Century,https://confessionallyreformed.wordpress.com/by-genre/exegetical-theologies-commentaries/the-new-testament/the-gospels/the-gospel-of-st-matthew/matthew-6/#the-11th-century-1
,169,https://confessionallyreformed.wordpress.com/by-genre/exegetical-theologies-commentaries/the-new-testament/the-gospels/the-gospel-of-st-matthew/matthew-6/,Theophylact of Ohrid (c. 1050-1060),https://confessionallyreformed.wordpress.com/by-genre/exegetical-theologies-commentaries/the-new-testament/the-gospels/the-gospel-of-st-matthew/matthew-6/#theophylact-of-ohrid-c-1050-1060-1
,170,https://confessionallyreformed.wordpress.com/by-genre/exegetical-theologies-commentaries/the-new-testament/the-gospels/the-gospel-of-st-matthew/matthew-6/,Matthew 6:34,https://confessionallyreformed.wordpress.com/by-genre/exegetical-theologies-commentaries/the-new-testament/the-gospels/the-gospel-of-st-matthew/matthew-6/#matthew-6-34
,171,https://confessionallyreformed.wordpress.com/by-genre/exegetical-theologies-commentaries/the-new-testament/the-gospels/the-gospel-of-st-matthew/matthew-6/,Expositional Theology,https://confessionallyreformed.wordpress.com/by-genre/exegetical-theologies-commentaries/the-new-testament/the-gospels/the-gospel-of-st-matthew/matthew-6/#expositional-theology-1
,172,https://confessionallyreformed.wordpress.com/by-genre/exegetical-theologies-commentaries/the-new-testament/the-gospels/the-gospel-of-st-matthew/matthew-6/,The 11th Century,https://confessionallyreformed.wordpress.com/by-genre/exegetical-theologies-commentaries/the-new-testament/the-gospels/the-gospel-of-st-matthew/matthew-6/#the-11th-century-1
,173,https://confessionallyreformed.wordpress.com/by-genre/exegetical-theologies-commentaries/the-new-testament/the-gospels/the-gospel-of-st-matthew/matthew-6/,Theophylact of Ohrid (c. 1050-1060),https://confessionallyreformed.wordpress.com/by-genre/exegetical-theologies-commentaries/the-new-testament/the-gospels/the-gospel-of-st-matthew/matthew-6/#theophylact-of-ohrid-c-1050-1060-1
